{
  "epochs": [
    1,
    2,
    3,
    4,
    5,
    6,
    7,
    8,
    9,
    10,
    11,
    12,
    13,
    14,
    15
  ],
  "train_loss": [
    1.2265194082260131,
    0.8379954707622528,
    0.6349060404300689,
    0.5515901446342468,
    0.4975814402103424,
    0.4263713973760605,
    0.32510328233242036,
    0.2609373071789742,
    0.2464081972837448,
    0.23794614970684053,
    0.23074232429265976,
    0.22447128653526305,
    0.21814093977212906,
    0.21216126054525375,
    0.20708107620477675
  ],
  "val_loss": [
    1.000941393971443,
    0.724162215590477,
    0.5965573972463608,
    0.5414936941862106,
    0.4812363311648369,
    0.3886204653978348,
    0.28088235393166544,
    0.2529398341476917,
    0.2437610350549221,
    0.23588988661766053,
    0.2291925983130932,
    0.22295808732509614,
    0.21663825556635857,
    0.21110529989004134,
    0.20618008568882942
  ],
  "train_metrics": [
    {
      "mse_loss": 0.1555606171488762,
      "weighted_mse_loss": 0.07662735648453235,
      "spectral_smoothness_loss": 1.1787366735935212,
      "spatial_consistency_loss": 0.012352204956114292,
      "spectral_angle_loss": 0.4694763594865799,
      "spectral_tv_loss": 0.32035534173250196,
      "spectral_dict_loss": 0.08293862670660018,
      "ssim_loss": 0.6988898408412934
    },
    {
      "mse_loss": 0.09121215671300888,
      "weighted_mse_loss": 0.04005109664052725,
      "spectral_smoothness_loss": 0.28312996566295623,
      "spatial_consistency_loss": 0.014132749866694211,
      "spectral_angle_loss": 0.2636316895484924,
      "spectral_tv_loss": 0.1419028191268444,
      "spectral_dict_loss": 0.02262724919244647,
      "ssim_loss": 0.6756864714622498
    },
    {
      "mse_loss": 0.06453680418431759,
      "weighted_mse_loss": 0.028739047907292842,
      "spectral_smoothness_loss": 0.10550842240452767,
      "spatial_consistency_loss": 0.012222831044346094,
      "spectral_angle_loss": 0.16525483638048172,
      "spectral_tv_loss": 0.0840373295545578,
      "spectral_dict_loss": 0.008926154030486941,
      "ssim_loss": 0.6054937791824341
    },
    {
      "mse_loss": 0.056092073991894725,
      "weighted_mse_loss": 0.026136576645076275,
      "spectral_smoothness_loss": 0.07226729482412338,
      "spatial_consistency_loss": 0.009402530957013369,
      "spectral_angle_loss": 0.1457965686917305,
      "spectral_tv_loss": 0.07099290728569031,
      "spectral_dict_loss": 0.006860655201599002,
      "ssim_loss": 0.5226200532913208
    },
    {
      "mse_loss": 0.04715738050639629,
      "weighted_mse_loss": 0.02223448224365711,
      "spectral_smoothness_loss": 0.06063776664435863,
      "spatial_consistency_loss": 0.00784747957251966,
      "spectral_angle_loss": 0.14316692382097243,
      "spectral_tv_loss": 0.06739469453692436,
      "spectral_dict_loss": 0.00613619458861649,
      "ssim_loss": 0.4657729911804199
    },
    {
      "mse_loss": 0.03144381668418646,
      "weighted_mse_loss": 0.015423189736902715,
      "spectral_smoothness_loss": 0.05027363158762455,
      "spatial_consistency_loss": 0.006776049472391605,
      "spectral_angle_loss": 0.14139987140893936,
      "spectral_tv_loss": 0.0632414573431015,
      "spectral_dict_loss": 0.005533613730221987,
      "ssim_loss": 0.4063880395889282
    },
    {
      "mse_loss": 0.013333182567730546,
      "weighted_mse_loss": 0.007459424920380115,
      "spectral_smoothness_loss": 0.03660985477268696,
      "spatial_consistency_loss": 0.00591824266128242,
      "spectral_angle_loss": 0.12857124507427214,
      "spectral_tv_loss": 0.05448582835495472,
      "spectral_dict_loss": 0.005183212542906403,
      "ssim_loss": 0.32102530360221865
    },
    {
      "mse_loss": 0.006685514003038406,
      "weighted_mse_loss": 0.004738838840276003,
      "spectral_smoothness_loss": 0.02730253230780363,
      "spatial_consistency_loss": 0.005272601973265409,
      "spectral_angle_loss": 0.12281470566987991,
      "spectral_tv_loss": 0.04888590708374977,
      "spectral_dict_loss": 0.005789525769650936,
      "ssim_loss": 0.23813030242919922
    },
    {
      "mse_loss": 0.006755349803715944,
      "weighted_mse_loss": 0.005025537498295307,
      "spectral_smoothness_loss": 0.02254553370177746,
      "spatial_consistency_loss": 0.004870881950482726,
      "spectral_angle_loss": 0.11997571498155594,
      "spectral_tv_loss": 0.04659680552780628,
      "spectral_dict_loss": 0.005853011524304747,
      "ssim_loss": 0.21478284001350403
    },
    {
      "mse_loss": 0.0063496890291571614,
      "weighted_mse_loss": 0.004743547318503261,
      "spectral_smoothness_loss": 0.019739961586892604,
      "spatial_consistency_loss": 0.004580889511853457,
      "spectral_angle_loss": 0.1174082525074482,
      "spectral_tv_loss": 0.04536712616682052,
      "spectral_dict_loss": 0.005641749314963818,
      "ssim_loss": 0.2052766728401184
    },
    {
      "mse_loss": 0.006088489694520831,
      "weighted_mse_loss": 0.004572159582749009,
      "spectral_smoothness_loss": 0.017451386488974093,
      "spatial_consistency_loss": 0.00433612815104425,
      "spectral_angle_loss": 0.11520155742764474,
      "spectral_tv_loss": 0.04428964152932167,
      "spectral_dict_loss": 0.005493839308619499,
      "ssim_loss": 0.19680258631706238
    },
    {
      "mse_loss": 0.005858284048736095,
      "weighted_mse_loss": 0.0044154173415154215,
      "spectral_smoothness_loss": 0.01564396308735013,
      "spatial_consistency_loss": 0.0041359228128567335,
      "spectral_angle_loss": 0.11328365564346314,
      "spectral_tv_loss": 0.04339975409209728,
      "spectral_dict_loss": 0.005350893260911107,
      "ssim_loss": 0.1894214105606079
    },
    {
      "mse_loss": 0.005628823759034276,
      "weighted_mse_loss": 0.0042574855452403425,
      "spectral_smoothness_loss": 0.013899138439446687,
      "spatial_consistency_loss": 0.003932399684563279,
      "spectral_angle_loss": 0.11131497904658318,
      "spectral_tv_loss": 0.04248858198523522,
      "spectral_dict_loss": 0.005240059439092875,
      "ssim_loss": 0.18202060461044312
    },
    {
      "mse_loss": 0.005443151136860252,
      "weighted_mse_loss": 0.004129601498134434,
      "spectral_smoothness_loss": 0.012350529674440622,
      "spatial_consistency_loss": 0.003753996342420578,
      "spectral_angle_loss": 0.10959151968359947,
      "spectral_tv_loss": 0.04164806194603443,
      "spectral_dict_loss": 0.005129634067416191,
      "ssim_loss": 0.1745913553237915
    },
    {
      "mse_loss": 0.005291548296809196,
      "weighted_mse_loss": 0.004027024116367101,
      "spectral_smoothness_loss": 0.01114833790808916,
      "spatial_consistency_loss": 0.0036141621973365544,
      "spectral_angle_loss": 0.10805961355566979,
      "spectral_tv_loss": 0.04097088918089867,
      "spectral_dict_loss": 0.005027519827708602,
      "ssim_loss": 0.16837430000305176
    }
  ],
  "val_metrics": [
    {
      "mse_loss": 0.11836544550955296,
      "weighted_mse_loss": 0.053727753572165964,
      "spectral_smoothness_loss": 0.5385482829809188,
      "spatial_consistency_loss": 0.014022496836259961,
      "spectral_angle_loss": 0.3455135354399681,
      "spectral_tv_loss": 0.2099321085214615,
      "spectral_dict_loss": 0.03878339324146509,
      "ssim_loss": 0.6956453758478165,
      "psnr": 9.408010482788086,
      "rmse": 0.34129056334495544,
      "mrae": 286.1175537109375,
      "ssim": 0.25736049877027267,
      "spectral_fidelity": 0.9370071887969971
    },
    {
      "mse_loss": 0.07879493260756135,
      "weighted_mse_loss": 0.03291882306337356,
      "spectral_smoothness_loss": 0.15298659332096576,
      "spatial_consistency_loss": 0.013791798986494542,
      "spectral_angle_loss": 0.19470035374164582,
      "spectral_tv_loss": 0.09940565750002861,
      "spectral_dict_loss": 0.01239462780766189,
      "ssim_loss": 0.65162613093853,
      "psnr": 11.557159423828125,
      "rmse": 0.27268463373184204,
      "mrae": 384.4971008300781,